class,method,sw_class,key,true_label
ThreadGroup,setMaxPriority,sink,ThreadGroup_setMaxPriority,sink
AccessibilityRecord,setPassword,sink,AccessibilityRecord_setPassword,sink
DateFormatSymbols,setEras,sink,DateFormatSymbols_setEras,sink
WallpaperManager,setStream,sink,WallpaperManager_setStream,sink
WebViewClient,onLoadResource,sink,WebViewClient_onLoadResource,neither
ValueAnimator,setObjectValues,sink,ValueAnimator_setObjectValues,sink
DecimalFormatSymbols,setPercent,sink,DecimalFormatSymbols_setPercent,neither
AutoCompleteTextView,setDropDownBackgroundResource,sink,AutoCompleteTextView_setDropDownBackgroundResource,sink
DecimalFormat,setMaximumIntegerDigits,sink,DecimalFormat_setMaximumIntegerDigits,sink
DecimalFormatSymbols,setDigit,sink,DecimalFormatSymbols_setDigit,neither
Properties,setProperty,sink,Properties_setProperty,sink
Handler,setEncoding,sink,Handler_setEncoding,sink
DecimalFormatSymbols,setInternationalCurrencySymbol,sink,DecimalFormatSymbols_setInternationalCurrencySymbol,sink
Deflater,setInput,sink,Deflater_setInput,sink
ZoomButtonsController,setZoomInEnabled,sink,ZoomButtonsController_setZoomInEnabled,sink
MessageFormat,setFormats,sink,MessageFormat_setFormats,sink
Calendar,set,sink,Calendar_set,sink
Socket,setSoLinger,sink,Socket_setSoLinger,sink
JetPlayer,setMuteFlags,sink,JetPlayer_setMuteFlags,sink
EdgeEffect,setSize,sink,EdgeEffect_setSize,sink
TableLayout,setColumnShrinkable,sink,TableLayout_setColumnShrinkable,sink
AlarmManager,setInexactRepeating,sink,AlarmManager_setInexactRepeating,sink
ObjectAnimator,setDuration,sink,ObjectAnimator_setDuration,sink
Validator,setProperty,sink,Validator_setProperty,sink
RingtonePreference,setShowDefault,sink,RingtonePreference_setShowDefault,sink
ValueAnimator,setFrameDelay,sink,ValueAnimator_setFrameDelay,sink
SurfaceView,setSecure,sink,SurfaceView_setSecure,sink
Adler32,update,sink,Adler32_update,sink
AutoCompleteTextView,setDropDownVerticalOffset,sink,AutoCompleteTextView_setDropDownVerticalOffset,sink
TableLayout,setOnHierarchyChangeListener,sink,TableLayout_setOnHierarchyChangeListener,neither
SQLiteCursor,setSelectionArguments,sink,SQLiteCursor_setSelectionArguments,sink
Preference,setTitle,sink,Preference_setTitle,sink
DecimalFormat,setMinimumFractionDigits,sink,DecimalFormat_setMinimumFractionDigits,sink
WallpaperManager,setBitmap,sink,WallpaperManager_setBitmap,sink
Scene,setEnterAction,sink,Scene_setEnterAction,neither
Binder,dump,sink,Binder_dump,sink
ColorMatrix,setRotate,sink,ColorMatrix_setRotate,sink
PKIXParameters,setDate,sink,PKIXParameters_setDate,sink
DateFormatSymbols,setAmPmStrings,sink,DateFormatSymbols_setAmPmStrings,sink
PropertyValuesHolder,setKeyframes,sink,PropertyValuesHolder_setKeyframes,sink
SmsManager,sendDataMessage,sink,SmsManager_sendDataMessage,sink
SmsManager,sendMultipartTextMessage,sink,SmsManager_sendMultipartTextMessage,sink
Throwable,setStackTrace,sink,Throwable_setStackTrace,sink
ValidatorHandler,setFeature,sink,ValidatorHandler_setFeature,sink
DatePicker,setMinDate,sink,DatePicker_setMinDate,sink
DecimalFormat,setDecimalFormatSymbols,sink,DecimalFormat_setDecimalFormatSymbols,sink
Socket,sendUrgentData,sink,Socket_sendUrgentData,sink
SQLException,setNextException,sink,SQLException_setNextException,neither
AccessibleObject,setAccessible,sink,AccessibleObject_setAccessible,sink
Time,set,sink,Time_set,sink
ScriptIntrinsic3DLUT,setLUT,sink,ScriptIntrinsic3DLUT_setLUT,sink
BassBoost,setStrength,sink,BassBoost_setStrength,sink
Path,setFillType,sink,Path_setFillType,sink
SSLSocket,setSSLParameters,sink,SSLSocket_setSSLParameters,sink
MulticastSocket,setTimeToLive,sink,MulticastSocket_setTimeToLive,sink
ZipEntry,setTime,sink,ZipEntry_setTime,sink
Calendar,setTime,sink,Calendar_setTime,sink
DecimalFormatSymbols,setCurrencySymbol,sink,DecimalFormatSymbols_setCurrencySymbol,sink
SchemaFactory,setProperty,sink,SchemaFactory_setProperty,sink
Socket,setPerformancePreferences,sink,Socket_setPerformancePreferences,sink
DecimalFormat,setCurrency,sink,DecimalFormat_setCurrency,sink
ZipEntry,setCompressedSize,sink,ZipEntry_setCompressedSize,sink
AudioTrack,setPlaybackRate,sink,AudioTrack_setPlaybackRate,sink
AlarmManager,setTimeZone,sink,AlarmManager_setTimeZone,sink
ObjectAnimator,setObjectValues,sink,ObjectAnimator_setObjectValues,sink
Socket,setTrafficClass,sink,Socket_setTrafficClass,sink
ShapeDrawable,setPadding,sink,ShapeDrawable_setPadding,neither
DatagramSocket,send,sink,DatagramSocket_send,sink
SQLWarning,setNextWarning,sink,SQLWarning_setNextWarning,neither
ColorMatrix,set,sink,ColorMatrix_set,sink
AccessibilityRecord,setEnabled,sink,AccessibilityRecord_setEnabled,sink
Field,setBoolean,sink,Field_setBoolean,sink
AccessibilityManager,sendAccessibilityEvent,sink,AccessibilityManager_sendAccessibilityEvent,sink
Socket,setTcpNoDelay,sink,Socket_setTcpNoDelay,sink
Collator,setDecomposition,sink,Collator_setDecomposition,sink
AutoCompleteTextView,setListSelection,sink,AutoCompleteTextView_setListSelection,sink
ImageView,setAdjustViewBounds,sink,ImageView_setAdjustViewBounds,sink
SQLiteDatabase,setVersion,sink,SQLiteDatabase_setVersion,sink
GridLayoutAnimationController,setDirectionPriority,sink,GridLayoutAnimationController_setDirectionPriority,sink
Field,setFloat,sink,Field_setFloat,sink
XmlPullParserFactory,setNamespaceAware,sink,XmlPullParserFactory_setNamespaceAware,sink
ValueAnimator,setDuration,sink,ValueAnimator_setDuration,sink
ShapeDrawable,setShaderFactory,sink,ShapeDrawable_setShaderFactory,neither
WallpaperManager,setResource,sink,WallpaperManager_setResource,sink
ParserAdapter,setDocumentLocator,sink,ParserAdapter_setDocumentLocator,neither
ClipboardManager,setText,sink,ClipboardManager_setText,sink
DatagramSocket,setSoTimeout,sink,DatagramSocket_setSoTimeout,sink
DatePickerDialog,updateDate,sink,DatePickerDialog_updateDate,sink
DatagramPacket,setPort,sink,DatagramPacket_setPort,sink
ServerSocket,setSoTimeout,sink,ServerSocket_setSoTimeout,sink
ImageView,setColorFilter,sink,ImageView_setColorFilter,sink
ColorMatrix,setConcat,sink,ColorMatrix_setConcat,sink
MediaRecorder,setProfile,sink,MediaRecorder_setProfile,sink
ColorMatrix,setScale,sink,ColorMatrix_setScale,sink
DatagramSocket,setSendBufferSize,sink,DatagramSocket_setSendBufferSize,sink
ZoomButton,setEnabled,sink,ZoomButton_setEnabled,sink
PropertyValuesHolder,setObjectValues,sink,PropertyValuesHolder_setObjectValues,sink
CalendarView,setOnDateChangeListener,sink,CalendarView_setOnDateChangeListener,neither
PictureDrawable,setAlpha,sink,PictureDrawable_setAlpha,sink
CalendarView,setDate,sink,CalendarView_setDate,sink
SipAudioCall,sendDtmf,sink,SipAudioCall_sendDtmf,sink
MessageFormat,setLocale,sink,MessageFormat_setLocale,sink
BroadcastReceiver,setResultCode,sink,BroadcastReceiver_setResultCode,neither
HttpCookie,setCommentURL,sink,HttpCookie_setCommentURL,sink
AudioRecord,setPositionNotificationPeriod,sink,AudioRecord_setPositionNotificationPeriod,sink
StreamSource,setPublicId,sink,StreamSource_setPublicId,sink
AudioRecord,setNotificationMarkerPosition,sink,AudioRecord_setNotificationMarkerPosition,sink
MessageFormat,setFormat,sink,MessageFormat_setFormat,sink
ListFragment,setListShown,sink,ListFragment_setListShown,sink
SearchView,setInputType,sink,SearchView_setInputType,sink
DecimalFormat,setMaximumFractionDigits,sink,DecimalFormat_setMaximumFractionDigits,sink
AttributesImpl,setValue,sink,AttributesImpl_setValue,sink
ListFragment,setListShownNoAnimation,sink,ListFragment_setListShownNoAnimation,sink
AutoCompleteTextView,setDropDownHeight,sink,AutoCompleteTextView_setDropDownHeight,sink
Collator,setStrength,sink,Collator_setStrength,sink
LayoutAnimationController,setAnimation,sink,LayoutAnimationController_setAnimation,sink
SearchView,setImeOptions,sink,SearchView_setImeOptions,sink
XmlPullParserFactory,setValidating,sink,XmlPullParserFactory_setValidating,sink
Calendar,setLenient,sink,Calendar_setLenient,neither
NumberFormat,setCurrency,sink,NumberFormat_setCurrency,sink
ViewSwitcher,setFactory,sink,ViewSwitcher_setFactory,sink
MediaRecorder,setOutputFile,sink,MediaRecorder_setOutputFile,sink
SurfaceView,setZOrderMediaOverlay,sink,SurfaceView_setZOrderMediaOverlay,sink
AudioTrack,setPlaybackPositionUpdateListener,sink,AudioTrack_setPlaybackPositionUpdateListener,sink
SSLCertificateSocketFactory,setNpnProtocols,sink,SSLCertificateSocketFactory_setNpnProtocols,sink
AudioTrack,setPlaybackHeadPosition,sink,AudioTrack_setPlaybackHeadPosition,sink
SQLiteDatabase,replaceOrThrow,sink,SQLiteDatabase_replaceOrThrow,sink
HttpsURLConnection,setDefaultSSLSocketFactory,sink,HttpsURLConnection_setDefaultSSLSocketFactory,neither
MediaRecorder,setVideoEncodingBitRate,sink,MediaRecorder_setVideoEncodingBitRate,sink
TableLayout,setColumnCollapsed,sink,TableLayout_setColumnCollapsed,sink
SimpleAdapter,setViewImage,sink,SimpleAdapter_setViewImage,sink
DateFormatSymbols,setZoneStrings,sink,DateFormatSymbols_setZoneStrings,sink
AudioTrack,setPositionNotificationPeriod,sink,AudioTrack_setPositionNotificationPeriod,sink
ImageView,setImageDrawable,sink,ImageView_setImageDrawable,sink
XMLFilterImpl,setParent,sink,XMLFilterImpl_setParent,sink
ServerSocket,setReceiveBufferSize,sink,ServerSocket_setReceiveBufferSize,sink
MediaPlayer,setVideoScalingMode,sink,MediaPlayer_setVideoScalingMode,sink
Random,setSeed,sink,Random_setSeed,sink
NumberFormat,setRoundingMode,sink,NumberFormat_setRoundingMode,sink
Handler,setFormatter,sink,Handler_setFormatter,sink
Field,setShort,sink,Field_setShort,sink
Inflater,setInput,sink,Inflater_setInput,sink
ClassLoader,setClassAssertionStatus,sink,ClassLoader_setClassAssertionStatus,sink
AudioManager,setParameters,sink,AudioManager_setParameters,sink
AudioGroup,setMode,sink,AudioGroup_setMode,sink
Thread,setDaemon,sink,Thread_setDaemon,neither
AppWidgetManager,updateAppWidgetOptions,sink,AppWidgetManager_updateAppWidgetOptions,sink
DecimalFormat,setPositiveSuffix,sink,DecimalFormat_setPositiveSuffix,sink
ValueAnimator,setIntValues,sink,ValueAnimator_setIntValues,sink
DatagramSocket,setReceiveBufferSize,sink,DatagramSocket_setReceiveBufferSize,sink
Preference,setSummary,sink,Preference_setSummary,sink
TransitionSet,setStartDelay,sink,TransitionSet_setStartDelay,sink
DecimalFormat,setGroupingSize,sink,DecimalFormat_setGroupingSize,sink
ObjectAnimator,setIntValues,sink,ObjectAnimator_setIntValues,sink
WebChromeClient,onRequestFocus,sink,WebChromeClient_onRequestFocus,neither
MediaRecorder,setAudioSamplingRate,sink,MediaRecorder_setAudioSamplingRate,sink
ObjectAnimator,setProperty,sink,ObjectAnimator_setProperty,sink
CollationElementIterator,setOffset,sink,CollationElementIterator_setOffset,sink
MediaMetadataRetriever,setDataSource,sink,MediaMetadataRetriever_setDataSource,sink
SimpleCursorAdapter,setViewImage,sink,SimpleCursorAdapter_setViewImage,sink
GregorianCalendar,setGregorianChange,sink,GregorianCalendar_setGregorianChange,sink
DecimalFormat,setMultiplier,sink,DecimalFormat_setMultiplier,sink
AccountManager,setAuthToken,sink,AccountManager_setAuthToken,sink
BreakIterator,setText,sink,BreakIterator_setText,sink
ZoomButtonsController,setAutoDismissed,sink,ZoomButtonsController_setAutoDismissed,neither
Toast,setText,sink,Toast_setText,sink
ThreadGroup,setDaemon,sink,ThreadGroup_setDaemon,sink
DecimalFormatSymbols,setGroupingSeparator,sink,DecimalFormatSymbols_setGroupingSeparator,sink
Date,setTime,sink,Date_setTime,sink
SQLiteDatabase,setMaximumSize,sink,SQLiteDatabase_setMaximumSize,sink
ViewAnimator,setAnimateFirstView,sink,ViewAnimator_setAnimateFirstView,sink
UiModeManager,setNightMode,sink,UiModeManager_setNightMode,sink
DreamService,setFullscreen,sink,DreamService_setFullscreen,sink
SmsManager,sendTextMessage,sink,SmsManager_sendTextMessage,sink
EnvironmentalReverb,setReflectionsLevel,sink,EnvironmentalReverb_setReflectionsLevel,neither
X509CertSelector,setCertificate,sink,X509CertSelector_setCertificate,sink
SSLCertificateSocketFactory,setUseSessionTickets,sink,SSLCertificateSocketFactory_setUseSessionTickets,sink
Rfc822Token,setName,sink,Rfc822Token_setName,sink
CursorWrapper,setNotificationUri,sink,CursorWrapper_setNotificationUri,sink
MediaRecorder,setCaptureRate,sink,MediaRecorder_setCaptureRate,sink
DecimalFormat,setNegativeSuffix,sink,DecimalFormat_setNegativeSuffix,sink
Camera,setParameters,sink,Camera_setParameters,sink
DateFormatSymbols,setWeekdays,sink,DateFormatSymbols_setWeekdays,sink
ListFragment,setSelection,sink,ListFragment_setSelection,sink
DateFormatSymbols,setLocalPatternChars,sink,DateFormatSymbols_setLocalPatternChars,neither
AutoCompleteTextView,setDropDownWidth,sink,AutoCompleteTextView_setDropDownWidth,sink
Element,setEndElementListener,sink,Element_setEndElementListener,source
DatagramPacket,setData,sink,DatagramPacket_setData,sink
ZoomButtonsController,setZoomOutEnabled,sink,ZoomButtonsController_setZoomOutEnabled,sink
ImageView,setSelected,sink,ImageView_setSelected,sink
MediaCodec,setParameters,sink,MediaCodec_setParameters,neither
LocationManager,setTestProviderEnabled,sink,LocationManager_setTestProviderEnabled,sink
ScheduledThreadPoolExecutor,setContinueExistingPeriodicTasksAfterShutdownPolicy,sink,ScheduledThreadPoolExecutor_setContinueExistingPeriodicTasksAfterShutdownPolicy,sink
ZoomButtonsController,setFocusable,sink,ZoomButtonsController_setFocusable,sink
AnimatorSet,setTarget,sink,AnimatorSet_setTarget,sink
EnvironmentalReverb,setDecayHFRatio,sink,EnvironmentalReverb_setDecayHFRatio,neither
Animator,setTarget,sink,Animator_setTarget,sink
AudioTrack,setNotificationMarkerPosition,sink,AudioTrack_setNotificationMarkerPosition,sink
ValueAnimator,setEvaluator,sink,ValueAnimator_setEvaluator,sink
LocationManager,sendExtraCommand,sink,LocationManager_sendExtraCommand,sink
AccountManager,setPassword,sink,AccountManager_setPassword,sink
CollationElementIterator,setText,sink,CollationElementIterator_setText,sink
MediaFormat,setString,sink,MediaFormat_setString,sink
Virtualizer,setStrength,sink,Virtualizer_setStrength,sink
AutoCompleteTextView,setOnClickListener,sink,AutoCompleteTextView_setOnClickListener,neither
LocationManager,setTestProviderLocation,sink,LocationManager_setTestProviderLocation,sink
AudioGroup,sendDtmf,sink,AudioGroup_sendDtmf,sink
DocumentBuilderFactory,setXIncludeAware,sink,DocumentBuilderFactory_setXIncludeAware,sink
Path,set,sink,Path_set,sink
TransitionSet,setInterpolator,sink,TransitionSet_setInterpolator,sink
DateFormat,setNumberFormat,sink,DateFormat_setNumberFormat,neither
AccessibilityRecord,setScrollY,sink,AccessibilityRecord_setScrollY,neither
Element,setTextElementListener,sink,Element_setTextElementListener,neither
AttributesImpl,setLocalName,sink,AttributesImpl_setLocalName,sink
AutoCompleteTextView,setDropDownHorizontalOffset,sink,AutoCompleteTextView_setDropDownHorizontalOffset,sink
ImageView,setVisibility,sink,ImageView_setVisibility,sink
SurfaceView,setZOrderOnTop,sink,SurfaceView_setZOrderOnTop,sink
Time,valueOf,sink,Time_valueOf,source
TextureView,setTransform,sink,TextureView_setTransform,sink
MulticastSocket,setNetworkInterface,sink,MulticastSocket_setNetworkInterface,sink
MediaPlayer,setDisplay,sink,MediaPlayer_setDisplay,sink
NfcA,setTimeout,sink,NfcA_setTimeout,sink
ScriptIntrinsicConvolve5x5,setCoefficients,sink,ScriptIntrinsicConvolve5x5_setCoefficients,neither
TextToSpeech,setLanguage,sink,TextToSpeech_setLanguage,sink
WebChromeClient,onJsPrompt,sink,WebChromeClient_onJsPrompt,neither
DecimalFormat,setMinimumIntegerDigits,sink,DecimalFormat_setMinimumIntegerDigits,sink
MediaPlayer,setDataSource,sink,MediaPlayer_setDataSource,sink
SAXResult,setHandler,sink,SAXResult_setHandler,sink
ZoomButtonsController,setZoomSpeed,sink,ZoomButtonsController_setZoomSpeed,sink
Validator,setFeature,sink,Validator_setFeature,sink
EditText,setSelection,sink,EditText_setSelection,sink
AudioManager,setBluetoothScoOn,sink,AudioManager_setBluetoothScoOn,sink
SimpleCursorAdapter,setViewText,sink,SimpleCursorAdapter_setViewText,sink
Rfc822Token,setComment,sink,Rfc822Token_setComment,sink
GeolocationPermissions,getAllowed,sink,GeolocationPermissions_getAllowed,source
PresetReverb,setPreset,sink,PresetReverb_setPreset,sink
Deflater,setDictionary,sink,Deflater_setDictionary,sink
BitSet,set,sink,BitSet_set,sink
DecimalFormat,setParseBigDecimal,sink,DecimalFormat_setParseBigDecimal,sink
SimpleAdapter,setViewText,sink,SimpleAdapter_setViewText,sink
Field,setByte,sink,Field_setByte,sink
AccountManager,updateCredentials,sink,AccountManager_updateCredentials,sink
EditTextPreference,setText,sink,EditTextPreference_setText,sink
DecimalFormat,setGroupingUsed,sink,DecimalFormat_setGroupingUsed,sink
AttributesImpl,setType,sink,AttributesImpl_setType,sink
WifiP2pManager,setDnsSdResponseListeners,sink,WifiP2pManager_setDnsSdResponseListeners,sink
DateFormat,setTimeZone,sink,DateFormat_setTimeZone,sink
TransitionDrawable,setCrossFadeEnabled,sink,TransitionDrawable_setCrossFadeEnabled,neither
SipManager,setRegistrationListener,sink,SipManager_setRegistrationListener,sink
ValidatorHandler,setProperty,sink,ValidatorHandler_setProperty,sink
SimpleDateFormat,set2DigitYearStart,sink,SimpleDateFormat_set2DigitYearStart,sink
TrafficStats,setThreadStatsTag,sink,TrafficStats_setThreadStatsTag,sink
DOMResult,setSystemId,sink,DOMResult_setSystemId,sink
Field,setInt,sink,Field_setInt,sink
InputConnectionWrapper,sendKeyEvent,sink,InputConnectionWrapper_sendKeyEvent,sink
XMLReaderAdapter,setDTDHandler,sink,XMLReaderAdapter_setDTDHandler,neither
AlarmManager,setRepeating,sink,AlarmManager_setRepeating,sink
ImageView,setImageAlpha,sink,ImageView_setImageAlpha,sink
ValueAnimator,setValues,sink,ValueAnimator_setValues,sink
DecimalFormat,setNegativePrefix,sink,DecimalFormat_setNegativePrefix,neither
AudioManager,setStreamVolume,sink,AudioManager_setStreamVolume,sink
SearchView,setIconified,sink,SearchView_setIconified,sink
DecimalFormat,setDecimalSeparatorAlwaysShown,sink,DecimalFormat_setDecimalSeparatorAlwaysShown,sink
PropertyValuesHolder,setIntValues,sink,PropertyValuesHolder_setIntValues,sink
AudioManager,setSpeakerphoneOn,sink,AudioManager_setSpeakerphoneOn,sink
SearchView,setIconifiedByDefault,sink,SearchView_setIconifiedByDefault,sink
SSLParameters,setProtocols,sink,SSLParameters_setProtocols,sink
Socket,setSoTimeout,sink,Socket_setSoTimeout,sink
SecureRandom,setSeed,sink,SecureRandom_setSeed,sink
PropertyValuesHolder,setFloatValues,sink,PropertyValuesHolder_setFloatValues,sink
NumberFormat,setMaximumIntegerDigits,sink,NumberFormat_setMaximumIntegerDigits,neither
ScheduledThreadPoolExecutor,execute,sink,ScheduledThreadPoolExecutor_execute,sink
KeyStore,setKeyEntry,sink,KeyStore_setKeyEntry,sink
SearchManager,setOnDismissListener,sink,SearchManager_setOnDismissListener,neither
MessageFormat,setFormatByArgumentIndex,sink,MessageFormat_setFormatByArgumentIndex,sink
DatagramSocket,setBroadcast,sink,DatagramSocket_setBroadcast,sink
ViewStub,setVisibility,sink,ViewStub_setVisibility,sink
ZipOutputStream,setLevel,sink,ZipOutputStream_setLevel,sink
AutoCompleteTextView,setOnItemSelectedListener,sink,AutoCompleteTextView_setOnItemSelectedListener,neither
AlarmManager,setTime,sink,AlarmManager_setTime,sink
DateFormat,setLenient,sink,DateFormat_setLenient,sink
ViewAnimator,setOutAnimation,sink,ViewAnimator_setOutAnimation,sink
Handler,setLevel,sink,Handler_setLevel,sink
AccountManager,setUserData,sink,AccountManager_setUserData,sink
ClassLoader,setDefaultAssertionStatus,sink,ClassLoader_setDefaultAssertionStatus,sink
SurfaceTexture,setDefaultBufferSize,sink,SurfaceTexture_setDefaultBufferSize,sink
DocumentBuilderFactory,setNamespaceAware,sink,DocumentBuilderFactory_setNamespaceAware,neither
Socket,setSendBufferSize,sink,Socket_setSendBufferSize,sink
AccessibilityRecord,setScrollable,sink,AccessibilityRecord_setScrollable,sink
ImageView,setImageBitmap,sink,ImageView_setImageBitmap,sink
Equalizer,setProperties,sink,Equalizer_setProperties,sink
SipAudioCall,setListener,sink,SipAudioCall_setListener,sink
URLConnection,setRequestProperty,sink,URLConnection_setRequestProperty,sink
Debug,dumpService,sink,Debug_dumpService,sink
Path,setLastPoint,sink,Path_setLastPoint,sink
IsoDep,setTimeout,sink,IsoDep_setTimeout,sink
Socket,setReceiveBufferSize,sink,Socket_setReceiveBufferSize,sink
ObjectAnimator,setPropertyName,sink,ObjectAnimator_setPropertyName,sink
Binder,dumpAsync,sink,Binder_dumpAsync,sink
ImageView,setBaselineAlignBottom,sink,ImageView_setBaselineAlignBottom,sink
BoringLayout,replaceOrMake,sink,BoringLayout_replaceOrMake,neither
MediaRecorder,setOnInfoListener,sink,MediaRecorder_setOnInfoListener,neither
SSLParameters,setCipherSuites,sink,SSLParameters_setCipherSuites,sink
Equalizer,setBandLevel,sink,Equalizer_setBandLevel,sink
RemoteController,sendMediaKeyEvent,sink,RemoteController_sendMediaKeyEvent,neither
Field,setLong,sink,Field_setLong,sink
SSLContext,setDefault,sink,SSLContext_setDefault,sink
CalendarView,setMinDate,sink,CalendarView_setMinDate,sink
Matrix2f,set,sink,Matrix2f_set,sink
Visualizer,setDataCaptureListener,sink,Visualizer_setDataCaptureListener,sink
InputConnectionWrapper,setSelection,sink,InputConnectionWrapper_setSelection,sink
Matrix4f,set,sink,Matrix4f_set,sink
MediaRecorder,setAudioEncodingBitRate,sink,MediaRecorder_setAudioEncodingBitRate,sink
TableLayout,setColumnStretchable,sink,TableLayout_setColumnStretchable,sink
Matrix3f,set,sink,Matrix3f_set,sink
SSLCertificateSocketFactory,setHostname,sink,SSLCertificateSocketFactory_setHostname,sink
DigestOutputStream,setMessageDigest,sink,DigestOutputStream_setMessageDigest,sink
SQLiteDatabase,setPageSize,sink,SQLiteDatabase_setPageSize,sink
RemoteControlClient,setPlaybackState,sink,RemoteControlClient_setPlaybackState,sink
AutoCompleteTextView,setValidator,sink,AutoCompleteTextView_setValidator,sink
DatagramPacket,setSocketAddress,sink,DatagramPacket_setSocketAddress,sink
ParserAdapter,setProperty,sink,ParserAdapter_setProperty,sink
WifiP2pManager,setServiceResponseListener,sink,WifiP2pManager_setServiceResponseListener,neither
SSLEngine,setSSLParameters,sink,SSLEngine_setSSLParameters,sink
ValueAnimator,setFloatValues,sink,ValueAnimator_setFloatValues,sink
AnimatorSet,setDuration,sink,AnimatorSet_setDuration,sink
AudioManager,setMicrophoneMute,sink,AudioManager_setMicrophoneMute,sink
ViewAnimator,setInAnimation,sink,ViewAnimator_setInAnimation,sink
WallpaperManager,setWallpaperOffsets,sink,WallpaperManager_setWallpaperOffsets,sink
MediaRecorder,setLocation,sink,MediaRecorder_setLocation,sink
Effect,setUpdateListener,sink,Effect_setUpdateListener,neither
MediaPlayer,setWakeMode,sink,MediaPlayer_setWakeMode,sink
MediaPlayer,setSurface,sink,MediaPlayer_setSurface,sink
MifareUltralight,setTimeout,sink,MifareUltralight_setTimeout,sink
URLConnection,setDefaultUseCaches,sink,URLConnection_setDefaultUseCaches,sink
BassBoost,setProperties,sink,BassBoost_setProperties,sink
KeyStore,setEntry,sink,KeyStore_setEntry,sink
WallpaperManager,sendWallpaperCommand,sink,WallpaperManager_sendWallpaperCommand,sink
ZipEntry,setMethod,sink,ZipEntry_setMethod,neither
AccessibilityRecord,setChecked,sink,AccessibilityRecord_setChecked,sink
ServerSocket,setReuseAddress,sink,ServerSocket_setReuseAddress,sink
TextToSpeech,setSpeechRate,sink,TextToSpeech_setSpeechRate,sink
X509CertSelector,setAuthorityKeyIdentifier,sink,X509CertSelector_setAuthorityKeyIdentifier,sink
ExpandableListActivity,setSelectedChild,sink,ExpandableListActivity_setSelectedChild,sink
PresetReverb,setProperties,sink,PresetReverb_setProperties,sink
DatagramSocket,setReuseAddress,sink,DatagramSocket_setReuseAddress,sink
WebChromeClient,onReceivedTitle,sink,WebChromeClient_onReceivedTitle,neither
SipAudioCall,setSpeakerMode,sink,SipAudioCall_setSpeakerMode,sink
ImageSwitcher,setImageResource,sink,ImageSwitcher_setImageResource,sink
Preference,setKey,sink,Preference_setKey,sink
XmlPullParserFactory,setFeature,sink,XmlPullParserFactory_setFeature,sink
ActionProvider,setVisibilityListener,sink,ActionProvider_setVisibilityListener,neither
ShareActionProvider,setShareIntent,sink,ShareActionProvider_setShareIntent,sink
Field,setDouble,sink,Field_setDouble,sink
EditText,setEllipsize,sink,EditText_setEllipsize,sink
KeyStore,setCertificateEntry,sink,KeyStore_setCertificateEntry,sink
LayoutTransition,setStagger,sink,LayoutTransition_setStagger,neither
PKIXParameters,setRevocationEnabled,sink,PKIXParameters_setRevocationEnabled,sink
QuickContactBadge,setMode,sink,QuickContactBadge_setMode,sink
MediaRecorder,setOrientationHint,sink,MediaRecorder_setOrientationHint,sink
MediaPlayer,setOnBufferingUpdateListener,sink,MediaPlayer_setOnBufferingUpdateListener,neither
MulticastSocket,setLoopbackMode,sink,MulticastSocket_setLoopbackMode,sink
InputConnectionWrapper,setComposingRegion,sink,InputConnectionWrapper_setComposingRegion,sink
ValueAnimator,removeUpdateListener,sink,ValueAnimator_removeUpdateListener,neither
ImageView,setImageMatrix,sink,ImageView_setImageMatrix,sink
Gallery,setGravity,sink,Gallery_setGravity,sink
TextPaint,set,sink,TextPaint_set,sink
ScriptIntrinsicConvolve5x5,setInput,sink,ScriptIntrinsicConvolve5x5_setInput,neither
TextToSpeech,setPitch,sink,TextToSpeech_setPitch,sink
PKIXParameters,getTargetCertConstraints,source,PKIXParameters_getTargetCertConstraints,source
ScriptIntrinsicBlend,getKernelIDDst,source,ScriptIntrinsicBlend_getKernelIDDst,neither
Equalizer,getCenterFreq,source,Equalizer_getCenterFreq,source
AccountManager,get,source,AccountManager_get,source
BreakIterator,getCharacterInstance,source,BreakIterator_getCharacterInstance,neither
ResourceBundle,getStringArray,source,ResourceBundle_getStringArray,source
PolicyQualifierInfo,getEncoded,source,PolicyQualifierInfo_getEncoded,source
FrameLayout,getMeasureAllChildren,source,FrameLayout_getMeasureAllChildren,neither
NumberFormat,getIntegerInstance,source,NumberFormat_getIntegerInstance,neither
CursorWrapper,getWantsAllOnMoveCalls,source,CursorWrapper_getWantsAllOnMoveCalls,source
JarFile,getJarEntry,source,JarFile_getJarEntry,source
SSLSocketFactory,getDefault,source,SSLSocketFactory_getDefault,source
Calendar,getDisplayName,source,Calendar_getDisplayName,source
WebResourceResponse,getData,source,WebResourceResponse_getData,source
AudioTrack,getChannelCount,source,AudioTrack_getChannelCount,source
DateFormat,getDateTimeInstance,source,DateFormat_getDateTimeInstance,source
Identity,getName,source,Identity_getName,source
Method,getExceptionTypes,source,Method_getExceptionTypes,neither
KeyStore,getEntry,source,KeyStore_getEntry,source
ConsumerIrManager,getCarrierFrequencies,source,ConsumerIrManager_getCarrierFrequencies,source
NumberFormat,getCurrency,source,NumberFormat_getCurrency,source
EllipticCurve,getB,source,EllipticCurve_getB,source
TimedText,getText,source,TimedText_getText,source
CertificateFactory,getInstance,source,CertificateFactory_getInstance,neither
CursorAdapter,getFilterQueryProvider,source,CursorAdapter_getFilterQueryProvider,source
ShapeDrawable,getAlpha,source,ShapeDrawable_getAlpha,source
CursorWrapper,getType,source,CursorWrapper_getType,source
DrmRights,getSubscriptionId,source,DrmRights_getSubscriptionId,source
ExifInterface,getThumbnail,source,ExifInterface_getThumbnail,source
Socket,getLocalSocketAddress,source,Socket_getLocalSocketAddress,source
URLConnection,getDefaultUseCaches,source,URLConnection_getDefaultUseCaches,source
TypedArray,getResourceId,source,TypedArray_getResourceId,source
DrmManagerClient,getAvailableDrmEngines,source,DrmManagerClient_getAvailableDrmEngines,source
MatrixCursor,getCount,source,MatrixCursor_getCount,source
KeyFactory,getInstance,source,KeyFactory_getInstance,source
CameraProfile,getJpegEncodingQualityParameter,source,CameraProfile_getJpegEncodingQualityParameter,source
Provider,getVersion,source,Provider_getVersion,source
AttributesImpl,getValue,source,AttributesImpl_getValue,source
Throwable,getCause,source,Throwable_getCause,source
IllegalFormatCodePointException,getCodePoint,source,IllegalFormatCodePointException_getCodePoint,source
PrintDocument,getInfo,source,PrintDocument_getInfo,source
TextureView,getBitmap,source,TextureView_getBitmap,source
JarURLConnection,getCertificates,source,JarURLConnection_getCertificates,source
NumberFormat,getPercentInstance,source,NumberFormat_getPercentInstance,source
TimeZone,getDSTSavings,source,TimeZone_getDSTSavings,source
AbstractCursor,getColumnName,source,AbstractCursor_getColumnName,source
ObjectAnimator,getPropertyName,source,ObjectAnimator_getPropertyName,source
DSAPublicKeySpec,getP,source,DSAPublicKeySpec_getP,neither
DateFormat,getTimeInstance,source,DateFormat_getTimeInstance,source
Deflater,getTotalOut,source,Deflater_getTotalOut,source
MediaRouter,getCategoryAt,source,MediaRouter_getCategoryAt,source
DateFormat,getInstance,source,DateFormat_getInstance,source
ServerSocket,getReceiveBufferSize,source,ServerSocket_getReceiveBufferSize,source
AttributesImpl,getLength,source,AttributesImpl_getLength,source
CursorWrapper,getColumnIndexOrThrow,source,CursorWrapper_getColumnIndexOrThrow,source
Provider,getName,source,Provider_getName,source
ViewStub,getLayoutInflater,source,ViewStub_getLayoutInflater,neither
ZipEntry,getCompressedSize,source,ZipEntry_getCompressedSize,source
DESedeKeySpec,getKey,source,DESedeKeySpec_getKey,source
JarInputStream,getNextJarEntry,source,JarInputStream_getNextJarEntry,source
HttpResponseCache,get,source,HttpResponseCache_get,source
AtomicBoolean,get,source,AtomicBoolean_get,neither
SipAudioCall,getLocalProfile,source,SipAudioCall_getLocalProfile,source
URI,getAuthority,source,URI_getAuthority,source
TimeZone,getDisplayName,source,TimeZone_getDisplayName,source
AutoCompleteTextView,getListSelection,source,AutoCompleteTextView_getListSelection,neither
SipSession,getCallId,source,SipSession_getCallId,source
MessageDigest,getProvider,source,MessageDigest_getProvider,source
DatePickerDialog,getDatePicker,source,DatePickerDialog_getDatePicker,neither
SSLContext,getClientSessionContext,source,SSLContext_getClientSessionContext,source
FileInputStream,getChannel,source,FileInputStream_getChannel,source
RootElement,getContentHandler,source,RootElement_getContentHandler,source
IsoDep,getHistoricalBytes,source,IsoDep_getHistoricalBytes,source
Signature,getInstance,source,Signature_getInstance,source
SSLParameters,getWantClientAuth,source,SSLParameters_getWantClientAuth,source
BreakIterator,getLineInstance,source,BreakIterator_getLineInstance,neither
KeyManagerFactory,getAlgorithm,source,KeyManagerFactory_getAlgorithm,source
Currency,getSymbol,source,Currency_getSymbol,source
MifareUltralight,getTag,source,MifareUltralight_getTag,source
ParsePosition,getIndex,source,ParsePosition_getIndex,source
SearchManager,getGlobalSearchActivity,source,SearchManager_getGlobalSearchActivity,source
AbstractWindowedCursor,getLong,source,AbstractWindowedCursor_getLong,source
LocationManager,getLastKnownLocation,source,LocationManager_getLastKnownLocation,source
AudioRecord,getRecordingState,source,AudioRecord_getRecordingState,source
Preference,getWidgetLayoutResource,source,Preference_getWidgetLayoutResource,neither
Socket,getLocalAddress,source,Socket_getLocalAddress,source
PrintService,getActivePrintJobs,source,PrintService_getActivePrintJobs,neither
ObjectStreamField,getType,source,ObjectStreamField_getType,source
Deflater,getBytesRead,source,Deflater_getBytesRead,source
ExifInterface,getAttributeInt,source,ExifInterface_getAttributeInt,source
X500Principal,getName,source,X500Principal_getName,source
URI,getScheme,source,URI_getScheme,source
MediaCodecInfo,getSupportedTypes,source,MediaCodecInfo_getSupportedTypes,source
SecureRandom,getInstance,source,SecureRandom_getInstance,source
LocalServerSocket,getLocalSocketAddress,source,LocalServerSocket_getLocalSocketAddress,source
BroadcastReceiver,getResultCode,source,BroadcastReceiver_getResultCode,source
Environment,getDataDirectory,source,Environment_getDataDirectory,source
ZipEntry,getCrc,source,ZipEntry_getCrc,source
Resources,getResourceTypeName,source,Resources_getResourceTypeName,source
DigitsKeyListener,getInputType,source,DigitsKeyListener_getInputType,source
DateFormat,getDateInstance,source,DateFormat_getDateInstance,source
Equalizer,getPresetName,source,Equalizer_getPresetName,source
Socket,getTcpNoDelay,source,Socket_getTcpNoDelay,source
SSLParameters,getNeedClientAuth,source,SSLParameters_getNeedClientAuth,source
PKIXBuilderParameters,getMaxPathLength,source,PKIXBuilderParameters_getMaxPathLength,source
Calendar,get,source,Calendar_get,source
BroadcastReceiver,getResultExtras,source,BroadcastReceiver_getResultExtras,source
ParserFactory,makeParser,source,ParserFactory_makeParser,neither
Collator,getInstance,source,Collator_getInstance,source
DateFormatSymbols,getAvailableLocales,source,DateFormatSymbols_getAvailableLocales,source
DrmManagerClient,getDrmObjectType,source,DrmManagerClient_getDrmObjectType,source
MissingFormatArgumentException,getMessage,source,MissingFormatArgumentException_getMessage,source
Security,getProviders,source,Security_getProviders,source
DownloadManager,getMimeTypeForDownloadedFile,source,DownloadManager_getMimeTypeForDownloadedFile,source
NfcManager,getDefaultAdapter,source,NfcManager_getDefaultAdapter,source
Semaphore,getQueueLength,source,Semaphore_getQueueLength,source
Preference,getShouldDisableView,source,Preference_getShouldDisableView,source
Currency,getInstance,source,Currency_getInstance,source
NumberFormat,getInstance,source,NumberFormat_getInstance,source
EventListenerProxy,getListener,source,EventListenerProxy_getListener,neither
ScaleGestureDetector,getPreviousSpanY,source,ScaleGestureDetector_getPreviousSpanY,source
IllegalFormatPrecisionException,getPrecision,source,IllegalFormatPrecisionException_getPrecision,source
ExifInterface,getAttributeDouble,source,ExifInterface_getAttributeDouble,source
AtomicLong,getAndSet,source,AtomicLong_getAndSet,source
MediaRouter,getRouteCount,source,MediaRouter_getRouteCount,source
ScriptIntrinsicBlend,getKernelIDSrcAtop,source,ScriptIntrinsicBlend_getKernelIDSrcAtop,source
InetAddress,getAllByName,source,InetAddress_getAllByName,source
GregorianCalendar,getMaximum,source,GregorianCalendar_getMaximum,source
Socket,getInetAddress,source,Socket_getInetAddress,source
FileOutputStream,getFD,source,FileOutputStream_getFD,source
KeyAgreement,getProvider,source,KeyAgreement_getProvider,source
ScaleGestureDetector,getCurrentSpanX,source,ScaleGestureDetector_getCurrentSpanX,source
MediaRouter,getSelectedRoute,source,MediaRouter_getSelectedRoute,source
CursorWrapper,getExtras,source,CursorWrapper_getExtras,source
TwoLineListItem,getText2,source,TwoLineListItem_getText2,source
LineNumberReader,readLine,source,LineNumberReader_readLine,source
NumberFormat,getRoundingMode,source,NumberFormat_getRoundingMode,source
URI,getFragment,source,URI_getFragment,source
Method,getParameterTypes,source,Method_getParameterTypes,source
AudioRecord,getSampleRate,source,AudioRecord_getSampleRate,source
MtpStorageInfo,getDescription,source,MtpStorageInfo_getDescription,source
LocatorImpl,getColumnNumber,source,LocatorImpl_getColumnNumber,source
MtpDevice,getStorageInfo,source,MtpDevice_getStorageInfo,source
URI,getQuery,source,URI_getQuery,source
SQLiteDatabase,getVersion,source,SQLiteDatabase_getVersion,source
SimpleDateFormat,parse,source,SimpleDateFormat_parse,neither
URI,getRawUserInfo,source,URI_getRawUserInfo,source
UsbRequest,getEndpoint,source,UsbRequest_getEndpoint,source
DigitsKeyListener,getInstance,source,DigitsKeyListener_getInstance,source
AbstractQueuedSynchronizer,getFirstQueuedThread,source,AbstractQueuedSynchronizer_getFirstQueuedThread,source
ClassLoader,getSystemResource,source,ClassLoader_getSystemResource,source
ObjectStreamField,getName,source,ObjectStreamField_getName,source
NfcV,getResponseFlags,source,NfcV_getResponseFlags,source
Timestamp,getTimestamp,source,Timestamp_getTimestamp,source
AnimatorSet,getStartDelay,source,AnimatorSet_getStartDelay,source
WebResourceResponse,getEncoding,source,WebResourceResponse_getEncoding,source
URLConnection,getIfModifiedSince,source,URLConnection_getIfModifiedSince,source
RSAPrivateKeySpec,getModulus,source,RSAPrivateKeySpec_getModulus,source
MatrixCursor,getString,source,MatrixCursor_getString,source
AtomicLong,get,source,AtomicLong_get,neither
Animation,getRepeatMode,source,Animation_getRepeatMode,source
AudioTrack,getTimestamp,source,AudioTrack_getTimestamp,source
IllegalFormatConversionException,getArgumentClass,source,IllegalFormatConversionException_getArgumentClass,source
DriverManager,getLoginTimeout,source,DriverManager_getLoginTimeout,source
MulticastSocket,getNetworkInterface,source,MulticastSocket_getNetworkInterface,source
AttributedString,getIterator,source,AttributedString_getIterator,source
DrmEvent,getUniqueId,source,DrmEvent_getUniqueId,source
LongBuffer,get,source,LongBuffer_get,source
ScaleGestureDetector,getFocusX,source,ScaleGestureDetector_getFocusX,source
ScaleGestureDetector,getFocusY,source,ScaleGestureDetector_getFocusY,source
ClassNotFoundException,getException,source,ClassNotFoundException_getException,source
DynamicDrawableSpan,getVerticalAlignment,source,DynamicDrawableSpan_getVerticalAlignment,source
SipAudioCall,getState,source,SipAudioCall_getState,source
Resources,getDrawableForDensity,source,Resources_getDrawableForDensity,source
LogRecord,getMessage,source,LogRecord_getMessage,source
TrustAnchor,getCAPublicKey,source,TrustAnchor_getCAPublicKey,source
URLConnection,getURL,source,URLConnection_getURL,source
AppWidgetManager,getAppWidgetInfo,source,AppWidgetManager_getAppWidgetInfo,source
ECParameterSpec,getGenerator,source,ECParameterSpec_getGenerator,source
KeyPairGeneratorSpec,getSerialNumber,source,KeyPairGeneratorSpec_getSerialNumber,source
DHPrivateKeySpec,getX,source,DHPrivateKeySpec_getX,source
DecimalFormatSymbols,getInternationalCurrencySymbol,source,DecimalFormatSymbols_getInternationalCurrencySymbol,neither
QName,getLocalPart,source,QName_getLocalPart,source
DrmEvent,getAttribute,source,DrmEvent_getAttribute,source
MtpDevice,getObjectHandles,source,MtpDevice_getObjectHandles,source
DecimalFormatSymbols,getInstance,source,DecimalFormatSymbols_getInstance,source
URLConnection,getRequestProperties,source,URLConnection_getRequestProperties,source
AccessibilityRecord,getClassName,source,AccessibilityRecord_getClassName,source
HttpCookie,getDomain,source,HttpCookie_getDomain,source
MediaStore,getVersion,source,MediaStore_getVersion,source
Thread,getName,source,Thread_getName,source
ShapeDrawable,getIntrinsicHeight,source,ShapeDrawable_getIntrinsicHeight,source
Socket,getSoLinger,source,Socket_getSoLinger,source
Calendar,getTimeInMillis,source,Calendar_getTimeInMillis,source
SSLContext,getDefault,source,SSLContext_getDefault,source
SipSession,getPeerProfile,source,SipSession_getPeerProfile,source
PreferenceGroup,getPreferenceCount,source,PreferenceGroup_getPreferenceCount,source
Thread,getState,source,Thread_getState,source
CertPathValidator,getAlgorithm,source,CertPathValidator_getAlgorithm,source
Scroller,getCurrVelocity,source,Scroller_getCurrVelocity,source
Field,getGenericType,source,Field_getGenericType,neither
NfcA,getAtqa,source,NfcA_getAtqa,source
Calendar,getActualMaximum,source,Calendar_getActualMaximum,source
BackupDataInput,getKey,source,BackupDataInput_getKey,source
ServerSocket,getReuseAddress,source,ServerSocket_getReuseAddress,source
TypedArray,getPositionDescription,source,TypedArray_getPositionDescription,source
Duration,getHours,source,Duration_getHours,source
WallpaperManager,getDesiredMinimumHeight,source,WallpaperManager_getDesiredMinimumHeight,source
BluetoothHeadset,getConnectionState,source,BluetoothHeadset_getConnectionState,source
BroadcastReceiver,getDebugUnregister,source,BroadcastReceiver_getDebugUnregister,source
SSLEngine,getSSLParameters,source,SSLEngine_getSSLParameters,source
AbstractCursor,getNotificationUri,source,AbstractCursor_getNotificationUri,source
DatagramSocket,getChannel,source,DatagramSocket_getChannel,source
Visualizer,getWaveForm,source,Visualizer_getWaveForm,source
TrafficStats,getTotalTxBytes,source,TrafficStats_getTotalTxBytes,source
SecureRandom,getSeed,source,SecureRandom_getSeed,source
InterfaceAddress,getBroadcast,source,InterfaceAddress_getBroadcast,source
Resources,getSystem,source,Resources_getSystem,source
UserManager,getUserName,source,UserManager_getUserName,source
HttpsURLConnection,getDefaultSSLSocketFactory,source,HttpsURLConnection_getDefaultSSLSocketFactory,source
MappedByteBuffer,load,source,MappedByteBuffer_load,neither
Field,getDeclaringClass,source,Field_getDeclaringClass,source
ClassLoader,loadClass,source,ClassLoader_loadClass,neither
NumberFormat,getNumberInstance,source,NumberFormat_getNumberInstance,source
NfcBarcode,getType,source,NfcBarcode_getType,source
InetSocketAddress,getPort,source,InetSocketAddress_getPort,source
SSLContext,getServerSessionContext,source,SSLContext_getServerSessionContext,source
X509CertSelector,getIssuerAsBytes,source,X509CertSelector_getIssuerAsBytes,source
DrmSupportInfo,getFileSuffixIterator,source,DrmSupportInfo_getFileSuffixIterator,source
MifareUltralight,getType,source,MifareUltralight_getType,source
ShortBuffer,get,source,ShortBuffer_get,source
Visualizer,getFft,source,Visualizer_getFft,source
AbstractWindowedCursor,getInt,source,AbstractWindowedCursor_getInt,source
LogRecord,getParameters,source,LogRecord_getParameters,source
LayoutAnimationController,getDelay,source,LayoutAnimationController_getDelay,source
CursorAdapter,getItem,source,CursorAdapter_getItem,source
URLConnection,getHeaderField,source,URLConnection_getHeaderField,source
ZipEntry,getMethod,source,ZipEntry_getMethod,source
Element,getChild,source,Element_getChild,source
DeviceAdminReceiver,getManager,source,DeviceAdminReceiver_getManager,source
TrafficStats,getUidRxBytes,source,TrafficStats_getUidRxBytes,sink
X509Certificate,getIssuerAlternativeNames,source,X509Certificate_getIssuerAlternativeNames,source
DecimalFormat,getRoundingMode,source,DecimalFormat_getRoundingMode,source
UsbDeviceConnection,getRawDescriptors,source,UsbDeviceConnection_getRawDescriptors,source
BassBoost,getStrengthSupported,source,BassBoost_getStrengthSupported,source
DexFile,loadClass,source,DexFile_loadClass,neither
LayoutAnimationController,getInterpolator,source,LayoutAnimationController_getInterpolator,source
MatrixCursor,getShort,source,MatrixCursor_getShort,source
ExpandableListActivity,getExpandableListView,source,ExpandableListActivity_getExpandableListView,source
LogRecord,getSourceClassName,source,LogRecord_getSourceClassName,source
ColorMatrix,getArray,source,ColorMatrix_getArray,source
IllegalFormatFlagsException,getMessage,source,IllegalFormatFlagsException_getMessage,source
LogRecord,getSourceMethodName,source,LogRecord_getSourceMethodName,source
DrmEvent,getType,source,DrmEvent_getType,source
SSLContext,getSocketFactory,source,SSLContext_getSocketFactory,neither
SQLiteOpenHelper,getReadableDatabase,source,SQLiteOpenHelper_getReadableDatabase,source
SslError,getCertificate,source,SslError_getCertificate,source
TimeZone,getDefault,source,TimeZone_getDefault,source
BoringLayout,getHeight,source,BoringLayout_getHeight,source
MessageFormat,getFormatsByArgumentIndex,source,MessageFormat_getFormatsByArgumentIndex,source
RSAPrivateCrtKeySpec,getPublicExponent,source,RSAPrivateCrtKeySpec_getPublicExponent,source
AccountManager,getAuthTokenByFeatures,source,AccountManager_getAuthTokenByFeatures,source
Resources,getValue,source,Resources_getValue,source
ScriptIntrinsic3DLUT,getKernelID,source,ScriptIntrinsic3DLUT_getKernelID,source
Method,getTypeParameters,source,Method_getTypeParameters,source
Toast,getXOffset,source,Toast_getXOffset,source
EllipticCurve,getSeed,source,EllipticCurve_getSeed,source
MatrixCursor,getBlob,source,MatrixCursor_getBlob,source
SimpleTimeZone,getOffset,source,SimpleTimeZone_getOffset,source
LocationProvider,getName,source,LocationProvider_getName,source
DocumentsContract,getDocumentId,source,DocumentsContract_getDocumentId,source
DecimalFormatSymbols,getMinusSign,source,DecimalFormatSymbols_getMinusSign,source
FormatFlagsConversionMismatchException,getMessage,source,FormatFlagsConversionMismatchException_getMessage,source
IsoDep,get,source,IsoDep_get,source
MimeTypeMap,getExtensionFromMimeType,source,MimeTypeMap_getExtensionFromMimeType,source
MtpObjectInfo,getCompressedSize,source,MtpObjectInfo_getCompressedSize,source
Preference,getOnPreferenceChangeListener,source,Preference_getOnPreferenceChangeListener,neither
JSONArray,getJSONObject,source,JSONArray_getJSONObject,source
SensorManager,getDefaultSensor,source,SensorManager_getDefaultSensor,source
DrmInfo,getMimeType,source,DrmInfo_getMimeType,source
Environment,getDownloadCacheDirectory,source,Environment_getDownloadCacheDirectory,source
DuplicateFormatFlagsException,getMessage,source,DuplicateFormatFlagsException_getMessage,source
MessageDigest,getInstance,source,MessageDigest_getInstance,source
HttpsURLConnection,getLocalPrincipal,source,HttpsURLConnection_getLocalPrincipal,source
ObjectStreamField,getOffset,source,ObjectStreamField_getOffset,source
JarEntry,getCodeSigners,source,JarEntry_getCodeSigners,source
X509CertSelector,getSubjectAlternativeNames,source,X509CertSelector_getSubjectAlternativeNames,source
Preference,getKey,source,Preference_getKey,source
ECFieldF2m,getM,source,ECFieldF2m_getM,source
AtomicLong,getAndAdd,source,AtomicLong_getAndAdd,neither
TypedArray,getTextArray,source,TypedArray_getTextArray,source
Preference,getOnPreferenceClickListener,source,Preference_getOnPreferenceClickListener,neither
PatternSyntaxException,getIndex,source,PatternSyntaxException_getIndex,source
ClassLoader,getResourceAsStream,source,ClassLoader_getResourceAsStream,source
BreakIterator,getSentenceInstance,source,BreakIterator_getSentenceInstance,source
ViewAnimator,getDisplayedChild,source,ViewAnimator_getDisplayedChild,source
PatternSyntaxException,getDescription,source,PatternSyntaxException_getDescription,source
TrafficStats,getMobileRxPackets,source,TrafficStats_getMobileRxPackets,source
TypedArray,getIndexCount,source,TypedArray_getIndexCount,source
DownloadManager,getUriForDownloadedFile,source,DownloadManager_getUriForDownloadedFile,source
MimeTypeMap,getFileExtensionFromUrl,source,MimeTypeMap_getFileExtensionFromUrl,source
ImageView,getCropToPadding,source,ImageView_getCropToPadding,source
BluetoothAdapter,getProfileProxy,source,BluetoothAdapter_getProfileProxy,source
KeyPair,getPrivate,source,KeyPair_getPrivate,source
DateFormatSymbols,getShortMonths,source,DateFormatSymbols_getShortMonths,source
MissingFormatWidthException,getMessage,source,MissingFormatWidthException_getMessage,source
Animator,getListeners,source,Animator_getListeners,neither
MulticastSocket,getTimeToLive,source,MulticastSocket_getTimeToLive,source
DateFormatSymbols,getLocalPatternChars,source,DateFormatSymbols_getLocalPatternChars,source
AlgorithmParameters,getEncoded,source,AlgorithmParameters_getEncoded,source
FieldPosition,getBeginIndex,source,FieldPosition_getBeginIndex,source
StaticLayout,getLineContainsTab,source,StaticLayout_getLineContainsTab,source
Scroller,getDuration,source,Scroller_getDuration,source
DynamicLayout,getLineTop,source,DynamicLayout_getLineTop,source
TrafficStats,getMobileTxPackets,source,TrafficStats_getMobileTxPackets,source
AppWidgetManager,getAppWidgetOptions,source,AppWidgetManager_getAppWidgetOptions,source
AbstractPreferences,getInt,source,AbstractPreferences_getInt,source
AudioRecord,getChannelConfiguration,source,AudioRecord_getChannelConfiguration,source
Socket,getSoTimeout,source,Socket_getSoTimeout,source
Calendar,getMinimalDaysInFirstWeek,source,Calendar_getMinimalDaysInFirstWeek,neither
Resources,getIdentifier,source,Resources_getIdentifier,source
SparseIntArray,get,source,SparseIntArray_get,source
URI,getPort,source,URI_getPort,source
Animation,getInterpolator,source,Animation_getInterpolator,source
CertPathValidator,getProvider,source,CertPathValidator_getProvider,source
SecureRandom,getProvider,source,SecureRandom_getProvider,source
URLConnection,getPermission,source,URLConnection_getPermission,source
MessageFormat,parse,source,MessageFormat_parse,sink
DocumentBuilderFactory,getSchema,source,DocumentBuilderFactory_getSchema,source
XMLFilterImpl,getFeature,source,XMLFilterImpl_getFeature,source
StaticLayout,getEllipsisCount,source,StaticLayout_getEllipsisCount,source
IllegalFormatCodePointException,getMessage,source,IllegalFormatCodePointException_getMessage,source
ExpandableListActivity,getSelectedPosition,source,ExpandableListActivity_getSelectedPosition,neither
SQLiteDatabase,getAttachedDbs,source,SQLiteDatabase_getAttachedDbs,source
AudioTrack,getAudioFormat,source,AudioTrack_getAudioFormat,source
Resources,getIntArray,source,Resources_getIntArray,source
ShapeDrawable,getConstantState,source,ShapeDrawable_getConstantState,neither
ClassLoader,getResource,source,ClassLoader_getResource,source
KeyStore,getDefaultType,source,KeyStore_getDefaultType,source
ViewAnimator,getCurrentView,source,ViewAnimator_getCurrentView,source
MemoryFile,getOutputStream,source,MemoryFile_getOutputStream,neither
URLConnection,getDate,source,URLConnection_getDate,source
QuoteSpan,getColor,source,QuoteSpan_getColor,source
AlgorithmParameters,getAlgorithm,source,AlgorithmParameters_getAlgorithm,source
Currency,getDefaultFractionDigits,source,Currency_getDefaultFractionDigits,source
SSLContext,getInstance,source,SSLContext_getInstance,source
X509Certificate,getSubjectAlternativeNames,source,X509Certificate_getSubjectAlternativeNames,source
DatePicker,getMaxDate,source,DatePicker_getMaxDate,source
StackTraceElement,getFileName,source,StackTraceElement_getFileName,source
URLConnection,getFileNameMap,source,URLConnection_getFileNameMap,source
MtpDevice,getThumbnail,source,MtpDevice_getThumbnail,source
MergeCursor,getDouble,source,MergeCursor_getDouble,source
DateFormat,getAvailableLocales,source,DateFormat_getAvailableLocales,source
SecretKeySpec,getEncoded,source,SecretKeySpec_getEncoded,source
URI,getRawPath,source,URI_getRawPath,source
WallpaperManager,getInstance,source,WallpaperManager_getInstance,source
SimpleTimeZone,getRawOffset,source,SimpleTimeZone_getRawOffset,source
AccessibilityRecord,getFromIndex,source,AccessibilityRecord_getFromIndex,source
ImageFormat,getBitsPerPixel,source,ImageFormat_getBitsPerPixel,source
MtpStorageInfo,getFreeSpace,source,MtpStorageInfo_getFreeSpace,source
DecimalFormatSymbols,getZeroDigit,source,DecimalFormatSymbols_getZeroDigit,source
NfcBarcode,getTag,source,NfcBarcode_getTag,source
WriteAbortedException,getCause,source,WriteAbortedException_getCause,source
AbstractCursor,getExtras,source,AbstractCursor_getExtras,source
DecimalFormatSymbols,getInfinity,source,DecimalFormatSymbols_getInfinity,neither
DecimalFormat,getNegativeSuffix,source,DecimalFormat_getNegativeSuffix,source
CyclicBarrier,getParties,source,CyclicBarrier_getParties,source
AccessibilityRecord,getItemCount,source,AccessibilityRecord_getItemCount,source
BitmapRegionDecoder,getHeight,source,BitmapRegionDecoder_getHeight,source
XPathException,getCause,source,XPathException_getCause,source
ScriptIntrinsicBlur,getKernelID,source,ScriptIntrinsicBlur_getKernelID,source
AudioTrack,getPlaybackHeadPosition,source,AudioTrack_getPlaybackHeadPosition,source
PKIXParameters,getCertPathCheckers,source,PKIXParameters_getCertPathCheckers,source
AudioTrack,getState,source,AudioTrack_getState,source
GCMParameterSpec,getTLen,source,GCMParameterSpec_getTLen,source
IsoDep,getTag,source,IsoDep_getTag,source
SearchView,getInputType,source,SearchView_getInputType,source
MtpDeviceInfo,getVersion,source,MtpDeviceInfo_getVersion,source
MtpObjectInfo,getThumbCompressedSize,source,MtpObjectInfo_getThumbCompressedSize,source
CertPathValidator,getInstance,source,CertPathValidator_getInstance,source
NetworkInterface,getByName,source,NetworkInterface_getByName,source
ValueAnimator,getFrameDelay,source,ValueAnimator_getFrameDelay,neither
ZipFile,getInputStream,source,ZipFile_getInputStream,source
ValueAnimator,getDuration,source,ValueAnimator_getDuration,source
InetAddress,getHostAddress,source,InetAddress_getHostAddress,source
GregorianCalendar,getGregorianChange,source,GregorianCalendar_getGregorianChange,neither
AtomicLongArray,getAndDecrement,source,AtomicLongArray_getAndDecrement,neither
URLConnection,getDoInput,source,URLConnection_getDoInput,source
Display,getDisplayId,source,Display_getDisplayId,source
SAXParseException,getPublicId,source,SAXParseException_getPublicId,source
AppWidgetManager,getInstance,source,AppWidgetManager_getInstance,source
Socket,getSendBufferSize,source,Socket_getSendBufferSize,source
Equalizer,getBand,source,Equalizer_getBand,source
CursorAdapter,getFilter,source,CursorAdapter_getFilter,source
DocumentBuilder,getSchema,source,DocumentBuilder_getSchema,source
DateFormat,getBestDateTimePattern,source,DateFormat_getBestDateTimePattern,source
SynthesisRequest,getVariant,source,SynthesisRequest_getVariant,source
AccountManager,getUserData,source,AccountManager_getUserData,source
X509EncodedKeySpec,getFormat,source,X509EncodedKeySpec_getFormat,source
TypedArray,getDimensionPixelOffset,source,TypedArray_getDimensionPixelOffset,source
Time,getActualMaximum,source,Time_getActualMaximum,source
Time,getWeeksSinceEpochFromJulianDay,source,Time_getWeeksSinceEpochFromJulianDay,neither
SimpleCursorAdapter,getViewBinder,source,SimpleCursorAdapter_getViewBinder,source
SealedObject,getObject,source,SealedObject_getObject,neither
MergeCursor,getBlob,source,MergeCursor_getBlob,source
Field,getDouble,source,Field_getDouble,source
PKIXParameters,getDate,source,PKIXParameters_getDate,source
TextureView,getSurfaceTextureListener,source,TextureView_getSurfaceTextureListener,source
DatagramPacket,getPort,source,DatagramPacket_getPort,source
WallpaperManager,getWallpaperInfo,source,WallpaperManager_getWallpaperInfo,source
DateFormatSymbols,getAmPmStrings,source,DateFormatSymbols_getAmPmStrings,source
AudioTrack,getNativeOutputSampleRate,source,AudioTrack_getNativeOutputSampleRate,source
DatagramSocket,getRemoteSocketAddress,source,DatagramSocket_getRemoteSocketAddress,source
DecimalFormatSymbols,getExponentSeparator,source,DecimalFormatSymbols_getExponentSeparator,source
AbstractCursor,getColumnIndexOrThrow,source,AbstractCursor_getColumnIndexOrThrow,source
URLConnection,getHeaderFieldInt,source,URLConnection_getHeaderFieldInt,source
DecimalFormat,parse,source,DecimalFormat_parse,neither
EventObject,getSource,source,EventObject_getSource,source
MtpObjectInfo,getImagePixWidth,source,MtpObjectInfo_getImagePixWidth,source
Security,getAlgorithms,source,Security_getAlgorithms,source
Method,getDefaultValue,source,Method_getDefaultValue,source
MtpObjectInfo,getFormat,source,MtpObjectInfo_getFormat,source
X509CertSelector,getMatchAllSubjectAltNames,source,X509CertSelector_getMatchAllSubjectAltNames,neither
Equalizer,getNumberOfPresets,source,Equalizer_getNumberOfPresets,source
CellLocation,getEmpty,source,CellLocation_getEmpty,source
RC2ParameterSpec,getIV,source,RC2ParameterSpec_getIV,source
Resources,getColor,source,Resources_getColor,source
MtpDevice,getObjectInfo,source,MtpDevice_getObjectInfo,source
LayoutTransition,getAnimator,source,LayoutTransition_getAnimator,source
LogRecord,getThrown,source,LogRecord_getThrown,source
ParserAdapter,getProperty,source,ParserAdapter_getProperty,source
BroadcastReceiver,getAbortBroadcast,source,BroadcastReceiver_getAbortBroadcast,source
ListActivity,getListAdapter,source,ListActivity_getListAdapter,source
Security,getProvider,source,Security_getProvider,source
BoringLayout,getLineCount,source,BoringLayout_getLineCount,source
AccessibilityService,getServiceInfo,source,AccessibilityService_getServiceInfo,source
AudioStream,getDtmfType,source,AudioStream_getDtmfType,source
Inet6Address,getScopedInterface,source,Inet6Address_getScopedInterface,source
DateFormat,parse,source,DateFormat_parse,neither
MtpObjectInfo,getName,source,MtpObjectInfo_getName,source
PathMeasure,getMatrix,source,PathMeasure_getMatrix,neither
ServerSocket,getLocalSocketAddress,source,ServerSocket_getLocalSocketAddress,source
Cipher,getOutputSize,source,Cipher_getOutputSize,source
StaticLayout,getEllipsizedWidth,source,StaticLayout_getEllipsizedWidth,source
JSONArray,getLong,source,JSONArray_getLong,source
Method,getName,source,Method_getName,source
ReentrantReadWriteLock,getQueueLength,source,ReentrantReadWriteLock_getQueueLength,source
IsoDep,getTimeout,source,IsoDep_getTimeout,source
SQLiteDatabase,getPageSize,source,SQLiteDatabase_getPageSize,source
DateFormat,getCalendar,source,DateFormat_getCalendar,source
Matrix3f,loadMultiply,source,Matrix3f_loadMultiply,neither
LocationManager,getBestProvider,source,LocationManager_getBestProvider,source
ReentrantReadWriteLock,getReadLockCount,source,ReentrantReadWriteLock_getReadLockCount,source
KeyGenerator,getAlgorithm,source,KeyGenerator_getAlgorithm,source
DatagramSocket,getLocalAddress,source,DatagramSocket_getLocalAddress,source
WallpaperManager,getDrawable,source,WallpaperManager_getDrawable,source
HttpURLConnection,getFollowRedirects,source,HttpURLConnection_getFollowRedirects,source
RSAPublicKeySpec,getModulus,source,RSAPublicKeySpec_getModulus,source
Preference,getTitle,source,Preference_getTitle,source
AtomicInteger,getAndAdd,source,AtomicInteger_getAndAdd,source
CursorAdapter,getView,source,CursorAdapter_getView,source
LogRecord,getLoggerName,source,LogRecord_getLoggerName,source
Ndef,getNdefMessage,source,Ndef_getNdefMessage,source
EllipticCurve,getField,source,EllipticCurve_getField,source
URI,getUserInfo,source,URI_getUserInfo,source
PBEParameterSpec,getSalt,source,PBEParameterSpec_getSalt,source
Scene,getSceneRoot,source,Scene_getSceneRoot,neither
AtomicInteger,getAndDecrement,source,AtomicInteger_getAndDecrement,source
PrintedPdfDocument,getPageContentRect,source,PrintedPdfDocument_getPageContentRect,source
NfcA,getMaxTransceiveLength,source,NfcA_getMaxTransceiveLength,source
URLConnection,getHeaderFields,source,URLConnection_getHeaderFields,source
ScheduledThreadPoolExecutor,getQueue,source,ScheduledThreadPoolExecutor_getQueue,source
Deflater,getBytesWritten,source,Deflater_getBytesWritten,source
StaticLayout,getLineDirections,source,StaticLayout_getLineDirections,neither
CertPathTrustManagerParameters,getParameters,source,CertPathTrustManagerParameters_getParameters,source
LocalServerSocket,getFileDescriptor,source,LocalServerSocket_getFileDescriptor,source
FieldPosition,getFieldAttribute,source,FieldPosition_getFieldAttribute,source
Cipher,getParameters,source,Cipher_getParameters,source
AudioStream,getCodec,source,AudioStream_getCodec,source
NetworkInterface,getName,source,NetworkInterface_getName,source
GpsSatellite,getAzimuth,source,GpsSatellite_getAzimuth,source
RadioGroup,getCheckedRadioButtonId,source,RadioGroup_getCheckedRadioButtonId,neither
DecimalFormatSymbols,getAvailableLocales,source,DecimalFormatSymbols_getAvailableLocales,source
URL,getProtocol,source,URL_getProtocol,source
KeyStore,getCertificateAlias,source,KeyStore_getCertificateAlias,source
BoringLayout,getLineTop,source,BoringLayout_getLineTop,source
Geocoder,getFromLocation,source,Geocoder_getFromLocation,source
ZipEntry,getName,source,ZipEntry_getName,source
Animation,getDuration,source,Animation_getDuration,source
NfcV,getTag,source,NfcV_getTag,source
EditTextPreference,getText,source,EditTextPreference_getText,source
AbstractCursor,getPosition,source,AbstractCursor_getPosition,source
Animation,getZAdjustment,source,Animation_getZAdjustment,source
DecimalFormatSymbols,getPercent,source,DecimalFormatSymbols_getPercent,source
NumberFormat,getMaximumFractionDigits,source,NumberFormat_getMaximumFractionDigits,source
ECParameterSpec,getOrder,source,ECParameterSpec_getOrder,source
DateFormat,getLongDateFormat,source,DateFormat_getLongDateFormat,source
URLConnection,getConnectTimeout,source,URLConnection_getConnectTimeout,source
NfcF,getTag,source,NfcF_getTag,source
URI,getRawSchemeSpecificPart,source,URI_getRawSchemeSpecificPart,source
AccountManager,getAuthenticatorTypes,source,AccountManager_getAuthenticatorTypes,source
TypedArray,getDimensionPixelSize,source,TypedArray_getDimensionPixelSize,source
DisplayManager,getDisplay,source,DisplayManager_getDisplay,source
Socket,getReceiveBufferSize,source,Socket_getReceiveBufferSize,source
AutoCompleteTextView,getValidator,source,AutoCompleteTextView_getValidator,source
TypedArray,getIndex,source,TypedArray_getIndex,source
StorageManager,getMountedObbPath,source,StorageManager_getMountedObbPath,source
NumberFormat,parse,source,NumberFormat_parse,neither
Mac,getProvider,source,Mac_getProvider,source
Keyframe,getInterpolator,source,Keyframe_getInterpolator,source
AudioTrack,getMaxVolume,source,AudioTrack_getMaxVolume,source
X509CRLSelector,getIssuerNames,source,X509CRLSelector_getIssuerNames,source
X500Principal,getEncoded,source,X500Principal_getEncoded,source
SynthesisRequest,getSpeechRate,source,SynthesisRequest_getSpeechRate,source
SearchRecentSuggestionsProvider,getType,source,SearchRecentSuggestionsProvider_getType,neither
DateFormat,getMediumDateFormat,source,DateFormat_getMediumDateFormat,source
DrmInfo,getInfoType,source,DrmInfo_getInfoType,source
NfcB,getApplicationData,source,NfcB_getApplicationData,source
Calendar,getFirstDayOfWeek,source,Calendar_getFirstDayOfWeek,neither
AbstractQueuedSynchronizer,getQueueLength,source,AbstractQueuedSynchronizer_getQueueLength,source
ChangeBounds,getTransitionProperties,source,ChangeBounds_getTransitionProperties,source
Validator,getProperty,source,Validator_getProperty,source
Handler,getLevel,source,Handler_getLevel,source
ImageView,getBaseline,source,ImageView_getBaseline,source
SslError,getPrimaryError,source,SslError_getPrimaryError,source
Display,getRefreshRate,source,Display_getRefreshRate,source
Calendar,getLeastMaximum,source,Calendar_getLeastMaximum,source
Thread,getPriority,source,Thread_getPriority,source
RSAPrivateCrtKeySpec,getPrimeExponentQ,source,RSAPrivateCrtKeySpec_getPrimeExponentQ,source
RSAPrivateCrtKeySpec,getPrimeExponentP,source,RSAPrivateCrtKeySpec_getPrimeExponentP,source
Equalizer,getProperties,source,Equalizer_getProperties,source
Preference,getEditor,source,Preference_getEditor,neither
ViewSwitcher,getNextView,source,ViewSwitcher_getNextView,source
URLConnection,getUseCaches,source,URLConnection_getUseCaches,source
Date,getTime,source,Date_getTime,source
AudioTrack,getPlayState,source,AudioTrack_getPlayState,source
AnimatorSet,getInterpolator,source,AnimatorSet_getInterpolator,source
FocusFinder,getInstance,source,FocusFinder_getInstance,source
HandlerThread,getLooper,source,HandlerThread_getLooper,neither
WebResourceResponse,getMimeType,source,WebResourceResponse_getMimeType,source
Animation,getStartTime,source,Animation_getStartTime,source
CursorWrapper,getBlob,source,CursorWrapper_getBlob,source
Method,getParameterAnnotations,source,Method_getParameterAnnotations,source
TypedArray,getColorStateList,source,TypedArray_getColorStateList,source
CookieManager,getInstance,source,CookieManager_getInstance,source
AudioRecord,getChannelCount,source,AudioRecord_getChannelCount,source
MtpDevice,getObject,source,MtpDevice_getObject,source
StaticLayout,getLineCount,source,StaticLayout_getLineCount,neither
DrmInfoRequest,get,source,DrmInfoRequest_get,source
Animation,getTransformation,source,Animation_getTransformation,source
ServerSocket,getInetAddress,source,ServerSocket_getInetAddress,source
XmlPullParserFactory,newPullParser,source,XmlPullParserFactory_newPullParser,neither
AudioGroup,getMode,source,AudioGroup_getMode,source
BluetoothA2dp,getConnectedDevices,source,BluetoothA2dp_getConnectedDevices,source
DownloadManager,openDownloadedFile,source,DownloadManager_openDownloadedFile,source
LocationProvider,getAccuracy,source,LocationProvider_getAccuracy,source
ListFragment,getListView,source,ListFragment_getListView,source
NinePatch,getWidth,source,NinePatch_getWidth,source
ContextThemeWrapper,getResources,source,ContextThemeWrapper_getResources,source
InetSocketAddress,getAddress,source,InetSocketAddress_getAddress,source
DHPublicKeySpec,getG,source,DHPublicKeySpec_getG,source
NetworkInterface,getDisplayName,source,NetworkInterface_getDisplayName,source
WebViewFragment,getWebView,source,WebViewFragment_getWebView,source
CertStore,getCertificates,source,CertStore_getCertificates,source
CRL,getType,source,CRL_getType,source
AbstractCursor,getColumnIndex,source,AbstractCursor_getColumnIndex,neither
KeyFactory,getKeySpec,source,KeyFactory_getKeySpec,source
ClassLoader,getResources,source,ClassLoader_getResources,source
Handler,getErrorManager,source,Handler_getErrorManager,source
HttpRetryException,getLocation,source,HttpRetryException_getLocation,source
Resources,getDimensionPixelOffset,source,Resources_getDimensionPixelOffset,source
AudioRecord,getAudioSource,source,AudioRecord_getAudioSource,source
AudioTrack,getNotificationMarkerPosition,source,AudioTrack_getNotificationMarkerPosition,source
Time,parse,source,Time_parse,neither
PropertyChangeEvent,getPropertyName,source,PropertyChangeEvent_getPropertyName,source
SSLSessionBindingEvent,getName,source,SSLSessionBindingEvent_getName,source
CertificateFactory,getCertPathEncodings,source,CertificateFactory_getCertPathEncodings,source
BluetoothA2dp,getDevicesMatchingConnectionStates,source,BluetoothA2dp_getDevicesMatchingConnectionStates,source
ShapeDrawable,getPaint,source,ShapeDrawable_getPaint,source
TrustAnchor,getTrustedCert,source,TrustAnchor_getTrustedCert,source
AutoCompleteTextView,getDropDownHorizontalOffset,source,AutoCompleteTextView_getDropDownHorizontalOffset,source
SAXSource,getInputSource,source,SAXSource_getInputSource,source
CursorWrapper,getColumnNames,source,CursorWrapper_getColumnNames,source
URLConnection,getOutputStream,source,URLConnection_getOutputStream,source
TrafficStats,getTotalRxPackets,source,TrafficStats_getTotalRxPackets,source
Toast,getYOffset,source,Toast_getYOffset,source
BulletSpan,getLeadingMargin,source,BulletSpan_getLeadingMargin,source
ImageSpan,getSource,source,ImageSpan_getSource,source
Animation,getStartOffset,source,Animation_getStartOffset,source
MissingResourceException,getClassName,source,MissingResourceException_getClassName,source
AbstractWindowedCursor,getDouble,source,AbstractWindowedCursor_getDouble,source
StringWriter,getBuffer,source,StringWriter_getBuffer,source
DecimalFormatSymbols,getDigit,source,DecimalFormatSymbols_getDigit,source
ZipEntry,getExtra,source,ZipEntry_getExtra,source
SipManager,getCallId,source,SipManager_getCallId,source
Path,getFillType,source,Path_getFillType,source
Signature,getProvider,source,Signature_getProvider,source
ParserAdapter,getContentHandler,source,ParserAdapter_getContentHandler,source
BluetoothManager,getConnectedDevices,source,BluetoothManager_getConnectedDevices,source
Socket,getChannel,source,Socket_getChannel,source
KeyStore,getCertificate,source,KeyStore_getCertificate,source
URLSpan,getSpanTypeId,source,URLSpan_getSpanTypeId,source
WallpaperManager,getFastDrawable,source,WallpaperManager_getFastDrawable,source
ReentrantLock,getHoldCount,source,ReentrantLock_getHoldCount,source
URL,getFile,source,URL_getFile,source
Field,getName,source,Field_getName,source
ClassLoader,getParent,source,ClassLoader_getParent,source
DynamicLayout,getEllipsisStart,source,DynamicLayout_getEllipsisStart,neither
AudioTrack,getPlaybackRate,source,AudioTrack_getPlaybackRate,source
Time,getCurrentTimezone,source,Time_getCurrentTimezone,source
Mac,getMacLength,source,Mac_getMacLength,source
Cipher,getProvider,source,Cipher_getProvider,source
AccessibilityManager,getEnabledAccessibilityServiceList,source,AccessibilityManager_getEnabledAccessibilityServiceList,source
BackupDataInputStream,getKey,source,BackupDataInputStream_getKey,source
AtomicFile,getBaseFile,source,AtomicFile_getBaseFile,source
BroadcastReceiver,getResultData,source,BroadcastReceiver_getResultData,source
MtpStorageInfo,getMaxCapacity,source,MtpStorageInfo_getMaxCapacity,source
ClassLoader,getSystemResourceAsStream,source,ClassLoader_getSystemResourceAsStream,source
Currency,getAvailableCurrencies,source,Currency_getAvailableCurrencies,source
SensorManager,getAngleChange,source,SensorManager_getAngleChange,source
BreakIterator,getAvailableLocales,source,BreakIterator_getAvailableLocales,source
DatagramPacket,getAddress,source,DatagramPacket_getAddress,source
DHParameterSpec,getG,source,DHParameterSpec_getG,source
DHParameterSpec,getL,source,DHParameterSpec_getL,source
SensorManager,getRotationMatrixFromVector,source,SensorManager_getRotationMatrixFromVector,source
Binder,getCallingUserHandle,source,Binder_getCallingUserHandle,source
X509Certificate,getIssuerX500Principal,source,X509Certificate_getIssuerX500Principal,source
AutoCompleteTextView,getDropDownAnchor,source,AutoCompleteTextView_getDropDownAnchor,source
Inflater,getAdler,source,Inflater_getAdler,source
PolicyQualifierInfo,getPolicyQualifierId,source,PolicyQualifierInfo_getPolicyQualifierId,source
SocketFactory,getDefault,source,SocketFactory_getDefault,source
Subject,getSubject,source,Subject_getSubject,source
InputSource,getPublicId,source,InputSource_getPublicId,source
Resources,getQuantityText,source,Resources_getQuantityText,source
URLConnection,getContentLength,source,URLConnection_getContentLength,source
RingtonePreference,getShowDefault,source,RingtonePreference_getShowDefault,source
StaticLayout,getTopPadding,source,StaticLayout_getTopPadding,source
Field,getByte,source,Field_getByte,source
AbstractQueuedSynchronizer,getSharedQueuedThreads,source,AbstractQueuedSynchronizer_getSharedQueuedThreads,source
ResourceBundle,getObject,source,ResourceBundle_getObject,source
Socket,getReuseAddress,source,Socket_getReuseAddress,source
WriteAbortedException,getMessage,source,WriteAbortedException_getMessage,source
Inflater,getBytesRead,source,Inflater_getBytesRead,source
Ringtone,getTitle,source,Ringtone_getTitle,source
MemoryFile,getInputStream,source,MemoryFile_getInputStream,source
IsoDep,getHiLayerResponse,source,IsoDep_getHiLayerResponse,source
Handler,getFormatter,source,Handler_getFormatter,source
SimpleCursorAdapter,getCursorToStringConverter,source,SimpleCursorAdapter_getCursorToStringConverter,neither
ScriptIntrinsicLUT,getKernelID,source,ScriptIntrinsicLUT_getKernelID,source
DynamicLayout,getLineDescent,source,DynamicLayout_getLineDescent,neither
AlgorithmParameterGenerator,getProvider,source,AlgorithmParameterGenerator_getProvider,source
URLConnection,getDefaultAllowUserInteraction,source,URLConnection_getDefaultAllowUserInteraction,source
SensorManager,getOrientation,source,SensorManager_getOrientation,source
ViewPropertyAnimator,getStartDelay,source,ViewPropertyAnimator_getStartDelay,source
Matrix3f,getArray,source,Matrix3f_getArray,source
ZipInputStream,getNextEntry,source,ZipInputStream_getNextEntry,source
HandshakeCompletedEvent,getPeerCertificates,source,HandshakeCompletedEvent_getPeerCertificates,source
ServerSocket,getSoTimeout,source,ServerSocket_getSoTimeout,source
DatagramSocket,getSoTimeout,source,DatagramSocket_getSoTimeout,source
SimpleAdapter,getItemId,source,SimpleAdapter_getItemId,source
EasyEditSpan,getSpanTypeId,source,EasyEditSpan_getSpanTypeId,source
StringCharacterIterator,getIndex,source,StringCharacterIterator_getIndex,source
CursorWrapper,getWrappedCursor,source,CursorWrapper_getWrappedCursor,source
Scroller,getStartY,source,Scroller_getStartY,source
ImageView,getColorFilter,source,ImageView_getColorFilter,source
CursorAdapter,getItemId,source,CursorAdapter_getItemId,source
PropertyChangeEvent,getPropagationId,source,PropertyChangeEvent_getPropagationId,source
RingtonePreference,getRingtoneType,source,RingtonePreference_getRingtoneType,source
LogManager,getLoggerNames,source,LogManager_getLoggerNames,source
ImageView,getImageAlpha,source,ImageView_getImageAlpha,source
KeyGenerator,getProvider,source,KeyGenerator_getProvider,source
AccessibilityRecord,getRemovedCount,source,AccessibilityRecord_getRemovedCount,source
ViewPropertyAnimator,getDuration,source,ViewPropertyAnimator_getDuration,source
SensorManager,getAltitude,source,SensorManager_getAltitude,source
RandomAccessFile,getChannel,source,RandomAccessFile_getChannel,source
SimpleAdapter,getCount,source,SimpleAdapter_getCount,source
PKIXParameters,getTrustAnchors,source,PKIXParameters_getTrustAnchors,source
LocalActivityManager,getCurrentActivity,source,LocalActivityManager_getCurrentActivity,source
EditText,getText,source,EditText_getText,source
Inflater,getRemaining,source,Inflater_getRemaining,source
JarEntry,getAttributes,source,JarEntry_getAttributes,source
AlgorithmParameters,getParameterSpec,source,AlgorithmParameters_getParameterSpec,source
AnimatorSet,getDuration,source,AnimatorSet_getDuration,source
RandomAccessFile,getFD,source,RandomAccessFile_getFD,source
DecimalFormat,isParseIntegerOnly,source,DecimalFormat_isParseIntegerOnly,neither
MergeCursor,getLong,source,MergeCursor_getLong,source
MtpObjectInfo,getAssociationDesc,source,MtpObjectInfo_getAssociationDesc,source
KeyPairGeneratorSpec,getEndDate,source,KeyPairGeneratorSpec_getEndDate,source
LocationProvider,getPowerRequirement,source,LocationProvider_getPowerRequirement,source
Attributes,get,source,Attributes_get,source
CursorAdapter,getCount,source,CursorAdapter_getCount,source
Toast,getVerticalMargin,source,Toast_getVerticalMargin,neither
TrafficStats,getUidTxPackets,source,TrafficStats_getUidTxPackets,source
HttpURLConnection,getResponseMessage,source,HttpURLConnection_getResponseMessage,source
CalendarView,getMinDate,source,CalendarView_getMinDate,source
SAXParseException,getLineNumber,source,SAXParseException_getLineNumber,source
TextToSpeech,getDefaultEngine,source,TextToSpeech_getDefaultEngine,source
HandshakeCompletedEvent,getSession,source,HandshakeCompletedEvent_getSession,source
ImageView,getBaselineAlignBottom,source,ImageView_getBaselineAlignBottom,source
URLSpan,getURL,source,URLSpan_getURL,source
BitmapRegionDecoder,getWidth,source,BitmapRegionDecoder_getWidth,source
PBEKeySpec,getPassword,source,PBEKeySpec_getPassword,source
UUID,getLeastSignificantBits,source,UUID_getLeastSignificantBits,source
Provider,getService,source,Provider_getService,source
Type,getCount,source,Type_getCount,source
Socket,getKeepAlive,source,Socket_getKeepAlive,source
ExemptionMechanism,getName,source,ExemptionMechanism_getName,source
UnmappableCharacterException,getMessage,source,UnmappableCharacterException_getMessage,source
StackTraceElement,getMethodName,source,StackTraceElement_getMethodName,source
Looper,getMainLooper,source,Looper_getMainLooper,source
PatternSyntaxException,getMessage,source,PatternSyntaxException_getMessage,source
StaticLayout,getLineDescent,source,StaticLayout_getLineDescent,neither
Matrix3f,get,source,Matrix3f_get,source
SQLiteOpenHelper,getWritableDatabase,source,SQLiteOpenHelper_getWritableDatabase,source
DreamService,getWindow,source,DreamService_getWindow,source
AbstractWindowedCursor,getBlob,source,AbstractWindowedCursor_getBlob,source
ECFieldF2m,getReductionPolynomial,source,ECFieldF2m_getReductionPolynomial,source
DSAPrivateKeySpec,getX,source,DSAPrivateKeySpec_getX,source
Throwable,getLocalizedMessage,source,Throwable_getLocalizedMessage,source
SSLServerSocketFactory,getDefault,source,SSLServerSocketFactory_getDefault,neither
Looper,getThread,source,Looper_getThread,source
WebChromeClient,getDefaultVideoPoster,source,WebChromeClient_getDefaultVideoPoster,source
DuplicateFormatFlagsException,getFlags,source,DuplicateFormatFlagsException_getFlags,source
AudioManager,getStreamMaxVolume,source,AudioManager_getStreamMaxVolume,source
CursorWrapper,getCount,source,CursorWrapper_getCount,source
AccessibilityManager,getInstalledAccessibilityServiceList,source,AccessibilityManager_getInstalledAccessibilityServiceList,source
HandshakeCompletedEvent,getSocket,source,HandshakeCompletedEvent_getSocket,source
Preference,getOrder,source,Preference_getOrder,source
PresetReverb,getPreset,source,PresetReverb_getPreset,source
Preference,getIcon,source,Preference_getIcon,source
MatrixCursor,getType,source,MatrixCursor_getType,source
ListActivity,getSelectedItemPosition,source,ListActivity_getSelectedItemPosition,source
AlphabetIndexer,getPositionForSection,source,AlphabetIndexer_getPositionForSection,source
AtomicLong,getAndIncrement,source,AtomicLong_getAndIncrement,source
X509CertSelector,getSubjectPublicKey,source,X509CertSelector_getSubjectPublicKey,source
SAXException,getException,source,SAXException_getException,source
DriverManager,getDrivers,source,DriverManager_getDrivers,source
DrmRights,getMimeType,source,DrmRights_getMimeType,source
MergeCursor,getFloat,source,MergeCursor_getFloat,source
IllegalFormatFlagsException,getFlags,source,IllegalFormatFlagsException_getFlags,source
DatagramSocket,getLocalPort,source,DatagramSocket_getLocalPort,source
NfcA,get,source,NfcA_get,source
InsetDrawable,getIntrinsicWidth,source,InsetDrawable_getIntrinsicWidth,source
CharsetEncoder,canEncode,neither,CharsetEncoder_canEncode,neither
SelectionKey,isConnectable,neither,SelectionKey_isConnectable,source
BluetoothHeadset,isAudioConnected,neither,BluetoothHeadset_isAudioConnected,source
Socket,isConnected,neither,Socket_isConnected,source
URL,openConnection,neither,URL_openConnection,sink
WifiP2pManager,requestConnectionInfo,neither,WifiP2pManager_requestConnectionInfo,source
PipedWriter,connect,neither,PipedWriter_connect,neither
NfcBarcode,connect,neither,NfcBarcode_connect,neither
WifiP2pManager,connect,neither,WifiP2pManager_connect,neither
WifiP2pManager,cancelConnect,neither,WifiP2pManager_cancelConnect,sink
BluetoothGattServerCallback,onConnectionStateChange,neither,BluetoothGattServerCallback_onConnectionStateChange,neither
IsoDep,connect,neither,IsoDep_connect,neither
